{
    "pattrstorage": {
        "name": "steps",
        "slots": {
            "1": {
                "id": 1,
                "data": {
                    "flonum": [ 0.9 ],
                    "live.dial": [ 10000.0 ],
                    "live.dial[1]": [ 3.817675564275323 ],
                    "live.gain~": [ 0.6638066669554803 ],
                    "number[1]": [ 600 ],
                    "number[2]": [ 100 ],
                    "number[3]": [ 1000 ]
                }
            },
            "2": {
                "id": 2,
                "data": {
                    "flonum": [ 0.9 ],
                    "live.dial": [ 10000.0 ],
                    "live.dial[1]": [ 3.817675564275323 ],
                    "live.gain~": [ 0.6638066669554803 ],
                    "number[1]": [ 600 ],
                    "number[2]": [ 100 ],
                    "number[3]": [ 1000 ]
                }
            },
            "3": {
                "id": 3,
                "data": {
                    "flonum": [ 0.9 ],
                    "live.dial": [ 10000.0 ],
                    "live.dial[1]": [ 3.817675564275323 ],
                    "live.gain~": [ 0.6638066669554803 ],
                    "number[1]": [ 600 ],
                    "number[2]": [ 100 ],
                    "number[3]": [ 1000 ]
                }
            }
        }
    }
}